Name,Mandala,Hymn,Tag1,Tag2,Tag3,Doniger,MacDonell,Aurobindo
1_1,1,1,Agni,,,Pray to Agni,Agni,
1_2,1,2,Vayu,,,,,
1_3,1,3,Asvins,,,,,
1_4,1,4,Indra,,,,,Indra Giver of Light
1_5,1,5,Indra,,,,,
1_6,1,6,Indra,,,,,
1_7,1,7,Indra,,,,,
1_8,1,8,Indra,,,,,
1_9,1,9,Indra,,,,,
1_10,1,10,Indra,,,,,
1_11,1,11,Indra,,,,,
1_12,1,12,Agni,,,,,
1_13,1,13,Agni,,,,,
1_14,1,14,Visvedevas,,,,,
1_15,1,15,Rtu,,,,,
1_16,1,16,Indra,,,,,
1_17,1,17,Indra-Varuna,,,,,
1_18,1,18,Brahmanaspati,,,,,
1_19,1,19,Agni,Maruts,,,,
1_20,1,20,Rbhus,,,,,Ribhus Artisans of Immortality
1_21,1,21,Indra-Agni,,,,,
1_22,1,22,AsvinsandOthers,,,,,
1_23,1,23,Vayu,,,,,
1_24,1,24,Mitra-Varuna,,,,,
1_25,1,25,Mitra-Varuna,,,,,
1_26,1,26,Agni,,,Agani and Gods,,
1_27,1,27,Agni,,,,,
1_28,1,28,Indra,,,,,
1_29,1,29,Indra,,,,,
1_30,1,30,Indra,,,,,
1_31,1,31,Agni,,,,,
1_32,1,32,Indra,,,Killing of Vrtra,Indra,
1_33,1,33,Indra,,,,,
1_34,1,34,Asvins,,,,,
1_35,1,35,Savitar,,,Savitr at Night,,
1_36,1,36,Agni,,,,,
1_37,1,37,Maruts,,,,,
1_38,1,38,Maruts,,,,,
1_39,1,39,Maruts,,,,,
1_40,1,40,Brahmanaspati,,,,,
1_41,1,41,Mitra-Varuna, , ,,,
1_42,1,42,Pusan,,,Pusan on Road,Pusan,
1_43,1,43,Rudra,,,,,
1_44,1,44,Agni,,,,,
1_45,1,45,Agni,,,,,
1_46,1,46,Asvins,,,,,
1_47,1,47,Asvins,,,,,
1_48,1,48,Dawn,,,,,
1_49,1,49,Dawn,,,,,
1_50,1,50,Surya,,,The Sun,,
1_51,1,51,Indra,,,,,
1_52,1,52,Indra,,,,,
1_53,1,53,Indra,,,,,
1_54,1,54,Indra,,,,,
1_55,1,55,Indra,,,,,
1_56,1,56,Indra,,,,,
1_57,1,57,Indra,,,,,
1_58,1,58,Agni,,,,,
1_59,1,59,Agni,,,,,Vedic Fire
1_60,1,60,Agni,,,,,
1_61,1,61,Indra,,,,,
1_62,1,62,Indra,,,,,
1_63,1,63,Indra,,,,,
1_64,1,64,Maruts,,,,,
1_65,1,65,Agni,,,,,Parashar's Hymn to Flame
1_66,1,66,Agni,,,,,Parashar's Hymn to Flame
1_67,1,67,Agni,,,,,Parashar's Hymn to Flame
1_68,1,68,Agni,,,,,Parashar's Hymn to Flame
1_69,1,69,Agni,,,,,Parashar's Hymn to Flame
1_70,1,70,Agni,,,,,Parashar's Hymn to Flame
1_71,1,71,Agni,,,,,Parashar's Hymn to Flame
1_72,1,72,Agni,,,,,Parashar's Hymn to Flame
1_73,1,73,Agni,,,,,Parashar's Hymn to Flame
1_74,1,74,Agni,,,,,
1_75,1,75,Agni,,,,,
1_76,1,76,Agni,,,,,
1_77,1,77,Agni,,,,,Agni the Illumined Will
1_78,1,78,Agni,,,,,
1_79,1,79,Agni,,,,,
1_80,1,80,Indra,,,,,
1_81,1,81,Indra,,,,,
1_82,1,82,Indra,,,,,
1_83,1,83,Indra,,,,,
1_84,1,84,Indra,,,,,
1_85,1,85,Maruts,,,Maruts,,
1_86,1,86,Maruts,,,,,
1_87,1,87,Maruts,,,,,
1_88,1,88,Maruts,,,,,
1_89,1,89,Visvedevas,,,,,
1_90,1,90,Visvedevas,,,,,
1_91,1,91,Soma,,,,,
1_92,1,92,Dawn,,,Dawn and Asvins,Usas,
1_93,1,93,Agni,Soma,,,,
1_94,1,94,Agni,,,,,Vedic Fire
1_95,1,95,Agni,,,,,
1_96,1,96,Agni,,,,,
1_97,1,97,Agni,,,,,Vedic Fire
1_98,1,98,Agni,,,,,
1_99,1,99,Agni,,,,,
1_100,1,100,Indra,,,,,
1_101,1,101,Indra,,,,,
1_102,1,102,Indra,,,,,
1_103,1,103,Indra,,,,,
1_104,1,104,Indra,,,,,
1_105,1,105,Visvedevas,,,,,
1_106,1,106,Visvedevas,,,,,
1_107,1,107,Visvedevas,,,,,
1_108,1,108,Indra-Agni,,,,,
1_109,1,109,Indra-Agni,,,,,
1_110,1,110,Rbhus,,,,,
1_111,1,111,Rbhus,,,,,
1_112,1,112,Asvins,,,,,
1_113,1,113,Dawn,,,,Usas,
1_114,1,114,Rudra,,,Have Mercy Rudra,,
1_115,1,115,Surya,,,,Surya,
1_116,1,116,Asvins,,,Deeds of Asvins,,
1_117,1,117,Asvins,,,,,
1_118,1,118,Asvins,,,,,
1_119,1,119,Asvins,,,,,
1_120,1,120,Asvins,,,,,
1_121,1,121,Indra,,,,,
1_122,1,122,Visvedevas,,,,,
1_123,1,123,Dawn,,,,,
1_124,1,124,Dawn,,,,,
1_125,1,125,Svanaya,,,,,
1_126,1,126,Bhavayavya,,,,,
1_127,1,127,Agni,,,,,
1_128,1,128,Agni,,,,,
1_129,1,129,Indra,,,,,
1_130,1,130,Indra,,,,,
1_131,1,131,Indra,,,,,
1_132,1,132,Indra,,,,,
1_133,1,133,Indra,,,,,
1_134,1,134,Vayu,,,,,
1_135,1,135,Vayu,Indra,,,,
1_136,1,136,Mitra-Varuna,,,,,
1_137,1,137,Mitra-Varuna,,,,,
1_138,1,138,Pusan,,,,,
1_139,1,139,Visvedevas,,,,,
1_140,1,140,Agni,,,,,
1_141,1,141,Agni,,,,,
1_142,1,142,Apris,,,,,
1_143,1,143,Agni,,,,Agni,
1_144,1,144,Agni,,,,,
1_145,1,145,Agni,,,,,
1_146,1,146,Agni,,,,,
1_147,1,147,Agni,,,,,
1_148,1,148,Agni,,,,,
1_149,1,149,Agni,,,,,
1_150,1,150,Agni,,,,,
1_151,1,151,Mitra-Varuna,,,,,
1_152,1,152,Mitra-Varuna,,,,,
1_153,1,153,Mitra-Varuna,,,,,
1_154,1,154,Visnu,,,3 strides of Visnu,Visnu,Vishnu All pervading Godhead
1_155,1,155,Visnu,Indra,,,,
1_156,1,156,Visnu,,,,,
1_157,1,157,Asvins,,,,,
1_158,1,158,Asvins,,,,,
1_159,1,159,HeavenandEarth,,,,,
1_160,1,160,HeavenandEarth,,,Sky and Earth,,
1_161,1,161,Rbhus,,,,,
1_162,1,162,TheHorse,,,Sacrifice of Horse,,
1_163,1,163,TheHorse,,,Hymn to Horse,,
1_164,1,164,Visvedevas,,,Riddle of Sacrifice,,
1_165,1,165,Indra-Maruts, ,,"Indra, Maruts, Agastya",,
1_166,1,166,Maruts,,,,,
1_167,1,167,Indra-Maruts, ,,,,
1_168,1,168,Maruts,,,,,
1_169,1,169,Indra,,,,,
1_170,1,170,Indra-Maruts, ,,"Indra, Maruts, Agastya",,Indra and Agastya
1_171,1,171,Maruts,,,"Indra, Maruts, Agastya",,Indra and Thought Forces
1_172,1,172,Maruts,,,,,
1_173,1,173,Indra,,,,,
1_174,1,174,Indra,,,,,
1_175,1,175,Indra,,,,,
1_176,1,176,Indra,,,,,
1_177,1,177,Indra,,,,,
1_178,1,178,Indra,,,,,
1_179,1,179,Rati,,,,,
1_180,1,180,Asvins,,,,,
1_181,1,181,Asvins,,,,,
1_182,1,182,Asvins,,,,,
1_183,1,183,Asvins,,,,,
1_184,1,184,Asvins,,,,,
1_185,1,185,HeavenandEarth,,,Guard us from Abyss,Heaven and Earth,
1_186,1,186,Visvedevas,,,,,
1_187,1,187,PraiseofFood,,,,,
1_188,1,188,Apris,,,,,
1_189,1,189,Agni,,,,,
1_190,1,190,Brhaspati,,,,,
1_191,1,191,Waters,Grass,Sun,,,
2_1,2,1,Agni,,,,,
2_2,2,2,Agni,,,,,
2_3,2,3,Apris,,,,,
2_4,2,4,Agni,,,,,
2_5,2,5,Agni,,,,,
2_6,2,6,Agni,,,,,
2_7,2,7,Agni,,,,,
2_8,2,8,Agni,,,,,
2_9,2,9,Agni,,,,,
2_10,2,10,Agni,,,,,
2_11,2,11,Indra,,,,,
2_12,2,12,Indra,,,Who Is Indra,Indra,
2_13,2,13,Indra,,,,,
2_14,2,14,Indra,,,,,
2_15,2,15,Indra,,,,,
2_16,2,16,Indra,,,,,
2_17,2,17,Indra,,,,,
2_18,2,18,Indra,,,,,
2_19,2,19,Indra,,,,,
2_20,2,20,Asvins,,,,,
2_21,2,21,Untagged,,,,,
2_22,2,22,Indra,,,,,
2_23,2,23,Brahmanaspati,,,,,
2_24,2,24,Brahmanaspati,,,,,
2_25,2,25,Brahmanaspati,,,,,
2_26,2,26,Brahmanaspati,,,,,
2_27,2,27,Adityas,,,,Adityas,
2_28,2,28,Mitra-Varuna,,,Varuna,,
2_29,2,29,Visvedevas,,,,,
2_30,2,30,Indra,,,,,
2_31,2,31,Visvedevas,,,,,
2_32,2,32,Various,,,,,
2_33,2,33,Rudra,,,Rudra father of Maruts,Rudra,
2_34,2,34,Maruts,,,,,
2_35,2,35,Waters,,,Child of Waters,Apam Napat,
2_36,2,36,Various,,,,,
2_37,2,37,Various,,,,,
2_38,2,38,Savitar,,,Savitr at Sunset,,
2_39,2,39,Untagged,,,,,
2_40,2,40,Soma,Pushan,,,,
2_41,2,41,Various,,,,,
2_42,2,42,Kapinjala,,,,,
2_43,2,43,Kapinjala,,,,,
3_1,3,1,Agni,,,,,
3_2,3,2,Agni,,,,,
3_3,3,3,Agni,,,,,
3_4,3,4,Apris,,,,,
3_5,3,5,Agni,,,,,
3_6,3,6,Agni,,,,,
3_7,3,7,Agni,,,,,
3_8,3,8,Sacrifice,,,,,
3_9,3,9,Agni,,,,,
3_10,3,10,Agni,,,,,
3_11,3,11,Agni,,,,,
3_12,3,12,Indra-Agni,,,,,
3_13,3,13,Agni,,,,,
3_14,3,14,Agni,,,,,
3_15,3,15,Agni,,,,,
3_16,3,16,Agni,,,,,
3_17,3,17,Agni,,,,,
3_18,3,18,Agni,,,,,
3_19,3,19,Agni,,,,,
3_20,3,20,Agni,,,,,
3_21,3,21,Agni,,,,,
3_22,3,22,Agni,,,,,
3_23,3,23,Agni,,,,,
3_24,3,24,Agni,,,,,
3_25,3,25,Agni,,,,,
3_26,3,26,Agni,,,,,
3_27,3,27,Agni,,,,,
3_28,3,28,Agni,,,,,
3_29,3,29,Agni,,,,,
3_30,3,30,Indra,,,,,
3_31,3,31,Indra,,,Cows in Cave,,
3_32,3,32,Indra,,,,,
3_33,3,33,Indra,,,,,
3_34,3,34,Indra,,,,,
3_35,3,35,Indra,,,,,
3_36,3,36,Indra,,,,,
3_37,3,37,Indra,,,,,
3_38,3,38,Indra,,,,,
3_39,3,39,Indra,,,,,
3_40,3,40,Indra,,,,,
3_41,3,41,Indra,,,,,
3_42,3,42,Indra,,,,,
3_43,3,43,Indra,,,,,
3_44,3,44,Indra,,,,,
3_45,3,45,Indra,,,,,
3_46,3,46,Indra,,,,,
3_47,3,47,Indra,,,,,
3_48,3,48,Indra,,,,,
3_49,3,49,Indra,,,,,
3_50,3,50,Indra,,,,,
3_51,3,51,Indra,,,,,
3_52,3,52,Indra,,,,,
3_53,3,53,Parvata,Indra,,,,
3_54,3,54,Visvedevas,,,,,
3_55,3,55,Visvedevas,,,,,
3_56,3,56,Visvedevas,,,,,
3_57,3,57,Visvedevas,,,,,
3_58,3,58,Asvins,,,,,
3_59,3,59,Mitra-Varuna,,,,Mitra,
3_60,3,60,Rbhus,,,,,
3_61,3,61,Dawn,,,,,Divine Dawn
3_62,3,62,Indra,,,,,
4_1,4,1,Agni,,,,,
4_2,4,2,Agni,,,,,
4_3,4,3,Agni,,,,,
4_4,4,4,Agni,,,,,
4_5,4,5,Agni,,,Mystery of Agni,,
4_6,4,6,Agni,,,,,
4_7,4,7,Agni,,,,,
4_8,4,8,Agni,,,,,
4_9,4,9,Agni,,,,,
4_10,4,10,Agni,,,,,
4_11,4,11,Agni,,,,,
4_12,4,12,Agni,,,,,
4_13,4,13,Agni,,,,,
4_14,4,14,Agni,,,,,
4_15,4,15,Agni,,,,,
4_16,4,16,Indra,,,,,
4_17,4,17,Indra,,,,,
4_18,4,18,Indra,,,Birth of Indra,,
4_19,4,19,Indra,,,,,
4_20,4,20,Indra,,,,,
4_21,4,21,Indra,,,,,
4_22,4,22,Indra,,,,,
4_23,4,23,Indra,,,,,
4_24,4,24,Indra,,,,,
4_25,4,25,Indra,,,,,
4_26,4,26,Indra,,,Soma Indra Eagle,,
4_27,4,27,Falcon,,,,,
4_28,4,28,Indra-Soma,,,,,
4_29,4,29,Indra,,,,,
4_30,4,30,Indra,,,,,
4_31,4,31,Indra,,,,,
4_32,4,32,Indra,,,,,
4_33,4,33,Rbhus,,,,,
4_34,4,34,Rbhus,,,,,
4_35,4,35,Rbhus,,,,,
4_36,4,36,Rbhus,,,,,
4_37,4,37,Rbhus,,,,,
4_38,4,38,Dadhikras,,,,,
4_39,4,39,Dadhikras,,,,,
4_40,4,40,Dadhikravan,,,,,
4_41,4,41,Indra-Varuna,,,,,
4_42,4,42,Indra-Varuna,,,,,
4_43,4,43,Asvins,,,,,
4_44,4,44,Asvins,,,,,
4_45,4,45,Asvins,,,,,Asvins Lord of Bliss
4_46,4,46,Vayu,,,,,
4_47,4,47,Vayu,,,,,
4_48,4,48,Vayu,,,,,Vayu Master of Life Energies
4_49,4,49,Indra-Brhaspati,,,,,
4_50,4,50,Brhaspati,,,,Brhaspati,Brihaspati Power of Soul
4_51,4,51,Dawn,,,,,
4_52,4,52,Dawn,,,,,
4_53,4,53,Savitar,,,,,
4_54,4,54,Savitar,,,,,
4_55,4,55,Visvedevas,,,,,
4_56,4,56,HeavenandEarth,,,,,
4_57,4,57,Ksetrapati,,,,,
4_58,4,58,Ghrta,,,Butter,,
5_1,5,1,Agni,,,,,Hymns to Agni
5_2,5,2,Agni,,,Birth of Agni,,Hymns to Agni
5_3,5,3,Agni,,,,,Hymns to Agni
5_4,5,4,Agni,,,,,Hymns to Agni
5_5,5,5,Apris,,,,,Hymns to Agni
5_6,5,6,Agni,,,,,Hymns to Agni
5_7,5,7,Agni,,,,,Hymns to Agni
5_8,5,8,Agni,,,,,Hymns to Agni
5_9,5,9,Agni,,,,,Hymns to Agni
5_10,5,10,Agni,,,,,Hymns to Agni
5_11,5,11,Agni,,,,,Hymns to Agni
5_12,5,12,Agni,,,,,Hymns to Agni
5_13,5,13,Agni,,,,,Hymns to Agni
5_14,5,14,Agni,,,,,Hymns to Agni
5_15,5,15,Agni,,,,,Hymns to Agni
5_16,5,16,Agni,,,,,Hymns to Agni
5_17,5,17,Agni,,,,,Hymns to Agni
5_18,5,18,Agni,,,,,Hymns to Agni
5_19,5,19,Agni,,,,,Hymns to Agni
5_20,5,20,Agni,,,,,Hymns to Agni
5_21,5,21,Agni,,,,,Hymns to Agni
5_22,5,22,Agni,,,,,Hymns to Agni
5_23,5,23,Agni,,,,,Hymns to Agni
5_24,5,24,Agni,,,,,Hymns to Agni
5_25,5,25,Agni,,,,,Hymns to Agni
5_26,5,26,Agni,,,,,Hymns to Agni
5_27,5,27,Agni,,,,,Hymns to Agni
5_28,5,28,Agni,,,,,Hymns to Agni
5_29,5,29,Agni,,,,,
5_30,5,30,Indra,,,,,
5_31,5,31,Indra,,,,,
5_32,5,32,Indra,,,,,
5_33,5,33,Indra,,,,,
5_34,5,34,Indra,,,,,
5_35,5,35,Indra,,,,,
5_36,5,36,Indra,,,,,
5_37,5,37,Indra,,,,,
5_38,5,38,Indra,,,,,
5_39,5,39,Indra,,,,,
5_40,5,40,Indra,,,Atri and Lost Sun,,
5_41,5,41,Visvedevas,,,,,
5_42,5,42,Visvedevas,,,,,
5_43,5,43,Visvedevas,,,,,
5_44,5,44,Visvedevas,,,,,
5_45,5,45,Visvedevas,,,,,
5_46,5,46,Visvedevas,,,,,
5_47,5,47,Visvedevas,,,,,
5_48,5,48,Visvedevas,,,,,
5_49,5,49,Visvedevas,,,,,
5_50,5,50,Visvedevas,,,,,
5_51,5,51,Visvedevas,,,,,
5_52,5,52,Maruts,,,,,Hymn of Thought Gods
5_53,5,53,Maruts,,,,,Hymn of Thought Gods
5_54,5,54,Maruts,,,,,Hymn of Thought Gods
5_55,5,55,Maruts,,,,,Hymn of Thought Gods
5_56,5,56,Maruts,,,,,Hymn of Thought Gods
5_57,5,57,Maruts,,,,,Hymn of Thought Gods
5_58,5,58,Maruts,,,,,Hymn of Thought Gods
5_59,5,59,Maruts,,,,,Hymn of Thought Gods
5_60,5,60,Maruts,,,,,Hymn of Thought Gods
5_61,5,61,Maruts,,,,,Hymn of Thought Gods
5_62,5,62,Mitra-Varuna,,,,,Hymns to Mitra-Varuna
5_63,5,63,Mitra-Varuna,,,,,Hymns to Mitra-Varuna
5_64,5,64,Mitra-Varuna,,,,,Hymns to Mitra-Varuna
5_65,5,65,Mitra-Varuna,,,,,Hymns to Mitra-Varuna
5_66,5,66,Mitra-Varuna,,,,,Hymns to Mitra-Varuna
5_67,5,67,Mitra-Varuna,,,,,Hymns to Mitra-Varuna
5_68,5,68,Mitra-Varuna,,,,,Hymns to Mitra-Varuna
5_69,5,69,Mitra-Varuna,,,,,Hymns to Mitra-Varuna
5_70,5,70,Mitra-Varuna,,,,,Hymns to Mitra-Varuna
5_71,5,71,Mitra-Varuna,,,,,Hymns to Mitra-Varuna
5_72,5,72,Mitra-Varuna,,,,,Hymns to Mitra-Varuna
5_73,5,73,Asvins,,,,,
5_74,5,74,Asvins,,,,,
5_75,5,75,Asvins,,,,,
5_76,5,76,Asvins,,,,,
5_77,5,77,Asvins,,,,,
5_78,5,78,Asvins,,,Rescue of Atri,,
5_79,5,79,Dawn,,,,,Hymn to Dawn
5_80,5,80,Dawn,,,,,Hymn to Dawn
5_81,5,81,Savitar,,,,,Hymn to Savitri
5_82,5,82,Savitar,,,,,Bhaga Savitri The Enjoyer
5_83,5,83,Parjanya,,,Parjanya the Bull,Parjanya,
5_84,5,84,Earth,,,,Prthivi,
5_85,5,85,Mitra-Varuna,,,Deeds of Varuna,,Hymn to Varuna
5_86,5,86,Indra-Agni,,,,,
5_87,5,87,Maruts,,,,,
6_1,6,1,Agni,,,,,
6_2,6,2,Agni,,,,,
6_3,6,3,Agni,,,,,
6_4,6,4,Agni,,,,,
6_5,6,5,Agni,,,,,
6_6,6,6,Agni,,,,Agni,
6_7,6,7,Agni,,,,,
6_8,6,8,Agni,,,,,
6_9,6,9,Agni,,,Agni and Poet,,
6_10,6,10,Agni,,,,,
6_11,6,11,Agni,,,,,
6_12,6,12,Agni,,,,,
6_13,6,13,Agni,,,,,
6_14,6,14,Agni,,,,,
6_15,6,15,Agni,,,,,
6_16,6,16,Agni,,,,,
6_17,6,17,Indra,,,,,
6_18,6,18,Indra,,,,,
6_19,6,19,Indra,,,,,
6_20,6,20,Indra,,,,,
6_21,6,21,Indra,,,,,
6_22,6,22,Indra,,,,,
6_23,6,23,Indra,,,,,
6_24,6,24,Indra,,,,,
6_25,6,25,Indra,,,,,
6_26,6,26,Indra,,,,,
6_27,6,27,Indra,,,,,
6_28,6,28,Cows,,,,,
6_29,6,29,Indra,,,,,
6_30,6,30,Indra,,,,,
6_31,6,31,Indra,,,,,
6_32,6,32,Indra,,,,,
6_33,6,33,Indra,,,,,
6_34,6,34,Indra,,,,,
6_35,6,35,Indra,,,,,
6_36,6,36,Indra,,,,,
6_37,6,37,Indra,,,,,
6_38,6,38,Indra,,,,,
6_39,6,39,Indra,,,,,
6_40,6,40,Indra,,,,,
6_41,6,41,Indra,,,,,
6_42,6,42,Indra,,,,,
6_43,6,43,Indra,,,,,
6_44,6,44,Indra,,,,,
6_45,6,45,Indra,,,,,
6_46,6,46,Indra,,,,,
6_47,6,47,Indra,,,,,
6_48,6,48,Agni,,,,,
6_49,6,49,Visvedevas,,,,,
6_50,6,50,Visvedevas,,,,,
6_51,6,51,Visvedevas,,,,,
6_52,6,52,Visvedevas,,,,,
6_53,6,53,Pusan,,,,,
6_54,6,54,Pusan,,,,,
6_55,6,55,Pusan,,,Pusan Child of Unharnessing,,
6_56,6,56,Pusan,,,,,
6_57,6,57,Indra,,,,,
6_58,6,58,Pusan,,,,,
6_59,6,59,Indra-Agni,,,,,
6_60,6,60,Indra-Agni,,,,,
6_61,6,61,Sarasvati,,,,,
6_62,6,62,Asvins,,,,,
6_63,6,63,Asvins,,,,,
6_64,6,64,Dawn,,,,,
6_65,6,65,Dawn,,,,,
6_66,6,66,Maruts,,,,,
6_67,6,67,Mitra-Varuna,,,,,
6_68,6,68,Indra-Varuna,,,,,
6_69,6,69,Indra-Visnu,,,,,
6_70,6,70,HeavenandEarth,,,Two Full of Butter,,
6_71,6,71,Savitar,,,,Savitar,
6_72,6,72,Indra-Soma,,,,,
6_73,6,73,Brhaspati,,,,,
6_74,6,74,Soma,Rudra,,,,
6_75,6,75,Weapons,,,,,
7_1,7,1,Agni,,,,,
7_2,7,2,Apris,,,,,
7_3,7,3,Agni,,,,,
7_4,7,4,Agni,,,,,
7_5,7,5,Agni,,,,,
7_6,7,6,Agni,,,,,
7_7,7,7,Agni,,,,,
7_8,7,8,Agni,,,,,
7_9,7,9,Agni,,,,,
7_10,7,10,Agni,,,,,
7_11,7,11,Agni,,,,,
7_12,7,12,Agni,,,,,
7_13,7,13,Agni,,,,,
7_14,7,14,Agni,,,,,
7_15,7,15,Agni,,,,,
7_16,7,16,Agni,,,,,
7_17,7,17,Agni,,,,,
7_18,7,18,Indra,,,,,
7_19,7,19,Indra,,,,,
7_20,7,20,Indra,,,,,
7_21,7,21,Indra,,,,,
7_22,7,22,Indra,,,,,
7_23,7,23,Indra,,,,,
7_24,7,24,Indra,,,,,
7_25,7,25,Indra,,,,,
7_26,7,26,Indra,,,,,
7_27,7,27,Indra,,,,,
7_28,7,28,Indra,,,,,
7_29,7,29,Indra,,,,,
7_30,7,30,Indra,,,,,
7_31,7,31,Indra,,,,,
7_32,7,32,Indra,,,,,
7_33,7,33,Vashista,,,,,
7_34,7,34,Visvedevas,,,,,
7_35,7,35,Visvedevas,,,,,
7_36,7,36,Visvedevas,,,,,
7_37,7,37,Visvedevas,,,,,
7_38,7,38,Savitar,,,,,
7_39,7,39,Visvedevas,,,,,
7_40,7,40,Visvedevas,,,,,
7_41,7,41,Bhaga,,,,,
7_42,7,42,Visvedevas,,,,,
7_43,7,43,Visvedevas,,,,,
7_44,7,44,Dadhikras,,,,,
7_45,7,45,Savitar,,,,,
7_46,7,46,Rudra,,,,,
7_47,7,47,Waters,,,,,
7_48,7,48,Rbhus,,,,,
7_49,7,49,Waters,,,,Waters,
7_50,7,50,Various,,,,,
7_51,7,51,Adityas,,,,,
7_52,7,52,Adityas,,,,,
7_53,7,53,HeavenandEarth,,,,,
7_54,7,54,Vastospati,,,,,
7_55,7,55,Vastospati,,,Sleeping Spell,,
7_56,7,56,Maruts,,,,,
7_57,7,57,Maruts,,,,,
7_58,7,58,Maruts,,,,,
7_59,7,59,Maruts,,,,,
7_60,7,60,Mitra-Varuna,,,,,Mitra Varuna
7_61,7,61,Mitra-Varuna,,,,Mitra-Varuna,
7_62,7,62,Mitra-Varuna,,,,,
7_63,7,63,Mitra-Varuna,,,,,
7_64,7,64,Mitra-Varuna,,,,,
7_65,7,65,Mitra-Varuna,,,,,
7_66,7,66,Mitra-Varuna,,,,,
7_67,7,67,Asvins,,,,,
7_68,7,68,Asvins,,,,,
7_69,7,69,Asvins,,,,,
7_70,7,70,Asvins,,,,,
7_71,7,71,Asvins,,,,Asvins,
7_72,7,72,Asvins,,,,,
7_73,7,73,Asvins,,,,,
7_74,7,74,Asvins,,,,,
7_75,7,75,Dawn,,,,,
7_76,7,76,Dawn,,,,,
7_77,7,77,Dawn,,,,,
7_78,7,78,Dawn,,,,,
7_79,7,79,Dawn,,,,,
7_80,7,80,Dawn,,,,,
7_81,7,81,Dawn,,,,,
7_82,7,82,Indra-Varuna,,,,,
7_83,7,83,Indra-Varuna,,,,Indra-Varuna,
7_84,7,84,Indra-Varuna,,,,,
7_85,7,85,Indra-Varuna,,,,,
7_86,7,86,Mitra-Varuna,,,Varuna Provoked,,
7_87,7,87,Mitra-Varuna,,,,,
7_88,7,88,Mitra-Varuna,,,Varuna and Vasistha,Varuna,
7_89,7,89,Mitra-Varuna,,,House of Clay,,
7_90,7,90,Vayu,,,,,
7_91,7,91,Vayu,,,,,
7_92,7,92,Vayu,,,,,
7_93,7,93,Indra-Agni,,,,,
7_94,7,94,Indra-Agni,,,,,
7_95,7,95,Sarasvati,,,,,
7_96,7,96,Sarasvati,,,,,
7_97,7,97,Brhaspati,,,,,
7_98,7,98,Indra,,,,,
7_99,7,99,Visnu,,,,,
7_100,7,100,Visnu,,,,,
7_101,7,101,Parjanya,,,Parjanya the Cow,,
7_102,7,102,Parjanya,,,,,
7_103,7,103,Frogs,,,,Frog,
7_104,7,104,Indra-Soma,,,Demons in Hell,,
8_1,8,1,Indra,,,,,
8_2,8,2,Indra,,,,,
8_3,8,3,Indra,,,,,
8_4,8,4,Indra,,,,,
8_5,8,5,Asvins,,,,,
8_6,8,6,Indra,,,,,
8_7,8,7,Maruts,,,Maruts,,
8_8,8,8,Asvins,,,,,
8_9,8,9,Asvins,,,,,
8_10,8,10,Asvins,,,,,
8_11,8,11,Agni,,,,,
8_12,8,12,Indra,,,,,
8_13,8,13,Indra,,,,,
8_14,8,14,Indra,,,If I were like Indra,,
8_15,8,15,Indra,,,,,
8_16,8,16,Indra,,,,,
8_17,8,17,Indra,,,,,
8_18,8,18,Adityas,,,,,
8_19,8,19,Agni,,,,,
8_20,8,20,Maruts,,,,,
8_21,8,21,Indra,,,,,
8_22,8,22,Asvins,,,,,
8_23,8,23,Agni,,,,,
8_24,8,24,Indra,,,,,
8_25,8,25,Mitra-Varuna,,,,,
8_26,8,26,Asvins,,,,,
8_27,8,27,Visvedevas,,,,,
8_28,8,28,Visvedevas,,,,,
8_29,8,29,Visvedevas,,,,,
8_30,8,30,Visvedevas,,,,,
8_31,8,31,Various,,,,,
8_32,8,32,Indra,,,,,
8_33,8,33,Indra,,,,,
8_34,8,34,Indra,,,,,
8_35,8,35,Asvins,,,,,
8_36,8,36,Indra,,,,,
8_37,8,37,Indra,,,,,
8_38,8,38,Indra-Agni,,,,,
8_39,8,39,Agni,,,,,
8_40,8,40,Indra-Agni,,,,,
8_41,8,41,Mitra-Varuna,,,,,
8_42,8,42,Mitra-Varuna,,,,,
8_43,8,43,Agni,,,,,
8_44,8,44,Agni,,,,,
8_45,8,45,Indra,,,,,
8_46,8,46,Indra,,,,,
8_47,8,47,Adityas,,,,,
8_48,8,48,Soma,,,We've Drunk Soma,Soma,
8_49,8,49,Indra,,,,,
8_50,8,50,Indra,,,,,
8_51,8,51,Indra,,,,,
8_52,8,52,Indra,,,,,
8_53,8,53,Indra,,,,,
8_54,8,54,Indra,,,,,
8_55,8,55,Praskanva's,,,,,
8_56,8,56,Praskanva's,,,,,
8_57,8,57,Asvins,,,,,
8_58,8,58,Visvedevas,,,,,
8_59,8,59,Indra-Varuna,,,,,
8_60,8,60,Agni,,,,,
8_61,8,61,Indra,,,,,
8_62,8,62,Indra,,,,,
8_63,8,63,Indra,,,,,
8_64,8,64,Indra,,,,,
8_65,8,65,Indra,,,,,
8_66,8,66,Indra,,,,,
8_67,8,67,Adityas,,,,,
8_68,8,68,Indra,,,,,
8_69,8,69,Indra,,,,,
8_70,8,70,Indra,,,,,
8_71,8,71,Agni,,,,,
8_72,8,72,Agni,,,,,
8_73,8,73,Asvins,,,,,
8_74,8,74,Agni,,,,,
8_75,8,75,Agni,,,,,
8_76,8,76,Indra,,,,,
8_77,8,77,Indra,,,,,
8_78,8,78,Indra,,,,,
8_79,8,79,Soma,,,Restless Soma,,
8_80,8,80,Indra,,,,,
8_81,8,81,Indra,,,,,
8_82,8,82,Indra,,,,,
8_83,8,83,Visvedevas,,,,,
8_84,8,84,Agni,,,,,
8_85,8,85,Asvins,,,,,
8_86,8,86,Asvins,,,,,
8_87,8,87,Asvins,,,,,
8_88,8,88,Indra,,,,,
8_89,8,89,Indra,,,,,
8_90,8,90,Indra,,,,,
8_91,8,91,Indra,,,,,
8_92,8,92,Indra,,,,,
8_93,8,93,Indra,,,,,
8_94,8,94,Maruts,,,,,
8_95,8,95,Indra,,,,,
8_96,8,96,Indra,,,,,
8_97,8,97,Indra,,,,,
8_98,8,98,Indra,,,,,
8_99,8,99,Indra,,,,,
8_100,8,100,Indra,,,,,
8_101,8,101,Various,,,,,
8_102,8,102,Agni,,,,,
8_103,8,103,Agni,,,,,
9_1,9,1,Soma,,,,,
9_2,9,2,Soma,,,,,
9_3,9,3,Soma,,,,,
9_4,9,4,Soma,,,,,
9_5,9,5,Soma,,,,,
9_6,9,6,Soma,,,,,
9_7,9,7,Soma,,,,,
9_8,9,8,Soma,,,,,
9_9,9,9,Soma,,,,,
9_10,9,10,Soma,,,,,
9_11,9,11,Soma,,,,,
9_12,9,12,Soma,,,,,
9_13,9,13,Soma,,,,,
9_14,9,14,Soma,,,,,
9_15,9,15,Soma,,,,,
9_16,9,16,Soma,,,,,
9_17,9,17,Soma,,,,,
9_18,9,18,Soma,,,,,
9_19,9,19,Soma,,,,,
9_20,9,20,Soma,,,,,
9_21,9,21,Soma,,,,,
9_22,9,22,Soma,,,,,
9_23,9,23,Soma,,,,,
9_24,9,24,Soma,,,,,
9_25,9,25,Soma,,,,,
9_26,9,26,Soma,,,,,
9_27,9,27,Soma,,,,,
9_28,9,28,Soma,,,,,
9_29,9,29,Soma,,,,,
9_30,9,30,Soma,,,,,
9_31,9,31,Soma,,,,,
9_32,9,32,Soma,,,,,
9_33,9,33,Soma,,,,,
9_34,9,34,Soma,,,,,
9_35,9,35,Soma,,,,,
9_36,9,36,Soma,,,,,
9_37,9,37,Soma,,,,,
9_38,9,38,Soma,,,,,
9_39,9,39,Soma,,,,,
9_40,9,40,Soma,,,,,
9_41,9,41,Soma,,,,,
9_42,9,42,Soma,,,,,Mystic Wine
9_43,9,43,Soma,,,,,
9_44,9,44,Soma,,,,,
9_45,9,45,Soma,,,,,
9_46,9,46,Soma,,,,,
9_47,9,47,Soma,,,,,
9_48,9,48,Soma,,,,,
9_49,9,49,Soma,,,,,
9_50,9,50,Soma,,,,,
9_51,9,51,Soma,,,,,
9_52,9,52,Soma,,,,,
9_53,9,53,Soma,,,,,
9_54,9,54,Soma,,,,,
9_55,9,55,Soma,,,,,
9_56,9,56,Soma,,,,,
9_57,9,57,Soma,,,,,
9_58,9,58,Soma,,,,,
9_59,9,59,Soma,,,,,
9_60,9,60,Soma,,,,,
9_61,9,61,Soma,,,,,
9_62,9,62,Soma,,,,,
9_63,9,63,Soma,,,,,
9_64,9,64,Soma,,,,,
9_65,9,65,Soma,,,,,
9_66,9,66,Soma,,,,,
9_67,9,67,Soma,,,,,
9_68,9,68,Soma,,,,,
9_69,9,69,Soma,,,,,
9_70,9,70,Soma,,,,,
9_71,9,71,Soma,,,,,
9_72,9,72,Soma,,,,,
9_73,9,73,Soma,,,,,
9_74,9,74,Soma,,,Pressed Soma,,
9_75,9,75,Soma,,,,,Mystic Wine
9_76,9,76,Soma,,,,,
9_77,9,77,Soma,,,,,
9_78,9,78,Soma,,,,,
9_79,9,79,Soma,,,,,
9_80,9,80,Soma,,,,,
9_81,9,81,Soma,,,,,
9_82,9,82,Soma,,,,,
9_83,9,83,Soma,,,,,Soma Lord of Delight
9_84,9,84,Soma,,,,,
9_85,9,85,Soma,,,,,
9_86,9,86,Soma,,,,,
9_87,9,87,Soma,,,,,
9_88,9,88,Soma,,,,,
9_89,9,89,Soma,,,,,
9_90,9,90,Soma,,,,,
9_91,9,91,Soma,,,,,
9_92,9,92,Soma,,,,,
9_93,9,93,Soma,,,,,
9_94,9,94,Soma,,,,,
9_95,9,95,Soma,,,,,
9_96,9,96,Soma,,,,,
9_97,9,97,Soma,,,,,
9_98,9,98,Soma,,,,,
9_99,9,99,Soma,,,,,
9_100,9,100,Soma,,,,,
9_101,9,101,Soma,,,,,
9_102,9,102,Soma,,,,,
9_103,9,103,Soma,,,,,
9_104,9,104,Soma,,,,,
9_105,9,105,Soma,,,,,
9_106,9,106,Soma,,,,,
9_107,9,107,Soma,,,,,
9_108,9,108,Soma,,,,,
9_109,9,109,Soma,,,,,
9_110,9,110,Soma,,,,,
9_111,9,111,Soma,,,,,
9_112,9,112,Soma,,,,Pursuit of gain,
9_113,9,113,Soma,,,Ecstasy of Soma,,
9_114,9,114,Soma,,,,,
10_1,10,1,Agni,,,,,
10_2,10,2,Agni,,,,,
10_3,10,3,Agni,,,,,
10_4,10,4,Agni,,,,,
10_5,10,5,Agni,,,Hidden Agni,,
10_6,10,6,Agni,,,,,
10_7,10,7,Agni,,,,,
10_8,10,8,Agni,,,,,
10_9,10,9,Waters,,,Waters of Life,,
10_10,10,10,Yama,,,,,
10_11,10,11,Agni,,,,,
10_12,10,12,Agni,,,,,
10_13,10,13,Havirdhanas,,,,,
10_14,10,14,Yama,,,Yama,Funeral Hymn,
10_15,10,15,Fathers,,,,,
10_16,10,16,Agni,,,The Funeral,,
10_17,10,17,Various,,,,,
10_18,10,18,Various,,,The burial,Funeral Prayer,
10_19,10,19,Waters,Cows,,,,
10_20,10,20,Agni,,,,,
10_21,10,21,Agni,,,,,
10_22,10,22,Indra,,,,,
10_23,10,23,Indra,,,,,
10_24,10,24,Indra,Asvins,,,,
10_25,10,25,Soma,,,,,
10_26,10,26,Pusan,,,,,
10_27,10,27,Indra,,,,,
10_28,10,28,Indra,Vasukra,,Indra Chastises Son,,
10_29,10,29,Indra,,,,,
10_30,10,30,Waters,,,,,
10_31,10,31,Visvedevas,,,,,
10_32,10,32,Indra,,,,,
10_33,10,33,Various,,,Lament of Priest,,
10_34,10,34,Dice,,,,Gambler,
10_35,10,35,Visvedevas,,,,,
10_36,10,36,Visvedevas,,,,,
10_37,10,37,Surya,,,,,
10_38,10,38,Indra,,,,,
10_39,10,39,Asvins,,,,,
10_40,10,40,Asvins,,,,,
10_41,10,41,Asvins,,,,,
10_42,10,42,Indra,,,,,
10_43,10,43,Indra,,,,,
10_44,10,44,Indra,,,,,
10_45,10,45,Agni,,,,,
10_46,10,46,Agni,,,,,
10_47,10,47,Indra-Vaikuntha,,,,,
10_48,10,48,Indra-Vaikuntha,,,,,
10_49,10,49,Indra-Vaikuntha,,,,,
10_50,10,50,Indra-Vaikuntha,,,,,
10_51,10,51,Agni,Gods,,Gods Coax Agni,,
10_52,10,52,Gods,,,,,
10_53,10,53,Agni,SaucikaGods,,,,
10_54,10,54,Indra,,,,,
10_55,10,55,Indra,,,,,
10_56,10,56,Visvedevas,,,Requiem for Horse,,
10_57,10,57,Visvedevas,,,,,
10_58,10,58,Manas,,,Departing Spirit,,
10_59,10,59,NirrtiandOthers,,,,,
10_60,10,60,AsamatiandOthers,-,,,,
10_61,10,61,Visvedevas,,,,,
10_62,10,62,Visvedevas,,,,,
10_63,10,63,Visvedevas,,,,,
10_64,10,64,Visvedevas,,,,,
10_65,10,65,Visvedevas,,,,,
10_66,10,66,Visvedevas,,,,,
10_67,10,67,Brhaspati,,,,,
10_68,10,68,Brhaspati,,,,,
10_69,10,69,Agni,,,,,
10_70,10,70,Apris,,,,,
10_71,10,71,Jnanam,,,Sacred Speech,Speech,
10_72,10,72,TheGods,,,Birth of Gods,,
10_73,10,73,Indra,,,,,
10_74,10,74,Indra,,,,,
10_75,10,75,TheRivers,,,,,
10_76,10,76,Press-stones,,,,,
10_77,10,77,Maruts,,,,,
10_78,10,78,Maruts,,,,,
10_79,10,79,Agni,,,,,
10_80,10,80,Agni,,,,,
10_81,10,81,Visvakarman,,,The All Maker,,
10_82,10,82,Visvakarman,,,The All Maker,,
10_83,10,83,Manyu,,,,,
10_84,10,84,Manyu,,,,,
10_85,10,85,Surya'sBridal,,,,Wedding Hymn,
10_86,10,86,Indra,,,,,
10_87,10,87,Agni,,,,,
10_88,10,88,Agni,,,,,
10_89,10,89,Indra,,,,,
10_90,10,90,Purusa,,,Hymn of Man,,
10_91,10,91,Agni,,,,,
10_92,10,92,Visvedevas,,,,,
10_93,10,93,Visvedevas,,,,,
10_94,10,94,Press-stones,,,Pressing Stones,,
10_95,10,95,Urvasi,Pururavas,,,,
10_96,10,96,Indra,,,,,
10_97,10,97,PraiseofHerbs,,,Healing Plants,,
10_98,10,98,TheGods,,,,,
10_99,10,99,Indra,,,,,
10_100,10,100,Visvedevas,,,,,
10_101,10,101,Visvedevas,,,Sacrificial Priests,,
10_102,10,102,Indra,,,,,
10_103,10,103,Indra,,,,,
10_104,10,104,Indra,,,,,
10_105,10,105,Indra,,,,,
10_106,10,106,Asvins,,,,,
10_107,10,107,Daksina,,,,,
10_108,10,108,Sarama,Panis,,Sarama and Panis,Sarama and Panis,
10_109,10,109,Visvedevas,,,,,
10_110,10,110,Apris,,,,,
10_111,10,111,Indra,,,,,
10_112,10,112,Indra,,,,,
10_113,10,113,Indra,,,,,
10_114,10,114,Visvedevas,,,,,
10_115,10,115,Agni,,,,,
10_116,10,116,Indra,,,,,
10_117,10,117,Liberality,,,Generosity,Charity,
10_118,10,118,Agni,,,,,
10_119,10,119,Indra,,,Soma Drinker,,
10_120,10,120,Indra,,,,,
10_121,10,121,Ka,,,The Unknown God,,
10_122,10,122,Agni,,,,,
10_123,10,123,Vena,,,Vena,,
10_124,10,124,Agni,,,Indra lures Agni,,
10_125,10,125,Vak,,,Speech,,
10_126,10,126,Visvedevas,,,,,
10_127,10,127,Night,,,Night,Night,
10_128,10,128,Visvedevas,,,,,
10_129,10,129,Creation,,,Creation Hymn,Creation,
10_130,10,130,Creation,,,Creation of Sacrifice,,
10_131,10,131,Indra,,,,,
10_132,10,132,Mitra-Varuna, ,,,,
10_133,10,133,Indra,,,,,
10_134,10,134,Indra,,,,,
10_135,10,135,Yama,,,Boy and the Chariot,,
10_136,10,136,Kesins,,,Long Haired Ascetic,,
10_137,10,137,Visvedevas,,,,,
10_138,10,138,Indra,,,,,
10_139,10,139,Savitar,,,,,
10_140,10,140,Agni,,,,,
10_141,10,141,Visvedevas,,,,,
10_142,10,142,Agni,,,,,
10_143,10,143,Asvins,,,,,
10_144,10,144,Indra,,,,,
10_145,10,145,Sapatnibadhanam,,,Against Rival Wives,,
10_146,10,146,Aranyani,,,,Forest Nymph,
10_147,10,147,Indra,,,,,
10_148,10,148,Indra,,,,,
10_149,10,149,Savitar,,,,,
10_150,10,150,Agni,,,,,
10_151,10,151,Faith,,,Faith,,
10_152,10,152,Indra,,,,,
10_153,10,153,Indra,,,,,
10_154,10,154,NewLife,,,The Funeral,,
10_155,10,155,Various,,,,,
10_156,10,156,Agni,,,,,
10_157,10,157,Visvedevas,,,,,
10_158,10,158,Surya,,,Departing Spirit,,
10_159,10,159,SaciPaulomi,,,Triumphant Wife,,
10_160,10,160,Indra,,,,,
10_161,10,161,Indra,,,,,
10_162,10,162,Agni,,,Protect the Embryo,,
10_163,10,163,Untagged,,,,,
10_164,10,164,Dream-charm,,,Against Bad Dreams,,
10_165,10,165,Visvedevas,,,Dove of Death,,
10_166,10,166,Sapatnanasanam,,,,,
10_167,10,167,Indra,,,,,
10_168,10,168,Vayu,,,The Gale Wind,vata,
10_169,10,169,COWS,,,,,
10_170,10,170,Surya,,,,,
10_171,10,171,Indra,,,Indra Beheads Sacrifice,,
10_172,10,172,Dawn,,,,,
10_173,10,173,TheKing,,,Royal Consecration,,
10_174,10,174,TheKing,,,,,
10_175,10,175,Press-stones,,,,,
10_176,10,176,Agni,,,,,
10_177,10,177,Mayabheda,,,The Bird,,
10_178,10,178,Tarksya,,,,,
10_179,10,179,Indra,,,,,
10_180,10,180,Indra,,,,,
10_181,10,181,Visvedevas,,,,,
10_182,10,182,Brhaspati,,,,,
10_183,10,183,Sacrifice,,,,,
10_184,10,184,Untagged,,,Safe Pregnancy,,
10_185,10,185,Aditi,,,,,
10_186,10,186,Vayu,,,,,
10_187,10,187,Agni,,,,,
10_188,10,188,Agni,,,,,
10_189,10,189,Surya,,,,,
10_190,10,190,Creation,,,Cosmic Heat,,
10_191,10,191,Agni,,,,,
